"iso","stable","loss","gain","disturb","net","change","gfw_area__ha"
"KAZ",3892793.962999999988824,40807.883370000003197,71223.901219999999739,20018.683750000000146,30416.017850000000180,0.769321024417877,273053625.573651
