"iso","umd_tree_cover_extent_2000__ha","area__ha"
"KAZ",4240315.67962822822363334,273053036.2243100603071830
